,clusterterms
0,tees tops shirts tshirt tee graphic funny
1,bracelet bracelets cuff
2,cards card greeting announcements
3,invitations invitation bridesmaid decoration bride
4,dining drink barware drinkware serving coffee
5,patterns pattern blueprints pdf stitch cross embroidery counted design instant crochet
6,d√©cor housewares hangings decorative wood sign signs farmhouse
7,party goods labels stickers sticker tag gifting planner erin condren
8,day hoodie hoodies sweatshirts sweatshirt irish st mother 4th valentine
9,adult women dress size dresses jacket black coats jackets top womens
10,outdoor sports recreation hunting game lawn archery hand holster carry camping
11,paper decorations kitchen findings floral garden metal making
12,fabric notions cotton yard quilting ribbon appliques patches sewing pink lace
13,handmade earrings ring rings drop dangle earring engagement
14,surfaces files stencils templates transfers image clip cricut silhouette
15,gemstone supplies craft natural gems cabochons gemstones cabochon
16,canvas quot painting original acrylic figurines collectible arts fiber
17,printable decor download wall art svg collectibles print prints digital illustration poster drawing giclee
18,shower bridal tags luggage suitcase keepsake travel favors save leather name holder escort date
19,weddings wedding mementos set groomsmen groomsman man best men engraved groom
20,games toys dolls doll figures action toy clothes puzzles stuffed animals
21,vintage custom accessories hair bags electronics purses bath beauty keychains lanyards movies books
22,home living tools beads charms else everything religion spirituality religious prayer crystal healing meditation
23,jewelry beaded charm silver gold gifts sterling personalized pendants pendant necklace necklaces chain
24,clothing shirt unisex gift children birthday baby girl girls kids outfit toddler bodysuit boy bodysuits
